,dataid,year_usage,sq_ft,adults,children,seniors,educ_level,income,building_type,city
0,26,12540.01505,2075.0,2,2,0,Postgraduate degree,$150000  $299000,Single-Family Home,"Austin, Texas"
1,77,14266.4723,2669.0,Unknown,Unknown,Unknown,Unknown,Unknown,Single-Family Home,"Austin, Texas"
2,86,14273.6626477685,1788.0,Unknown,Unknown,Unknown,Unknown,Unknown,Single-Family Home,"Austin, Texas"
3,93,9769.92785000004,2934.0,2,0,0,Postgraduate degree,$150000  $299000,Single-Family Home,"Austin, Texas"
4,101,6101.65694999998,1459.0,2,1,0,Postgraduate degree,$35000  $49999,Single-Family Home,"Austin, Texas"
5,114,11130.3271,1842.0,2,1,1,Postgraduate degree,$100000  $149999,Single-Family Home,"Austin, Texas"
6,115,3998.10861666666,1001.0,Unknown,Unknown,Unknown,Unknown,Unknown,Apartment,"Austin, Texas"
7,160,5193.51011666666,1018.0,2,0,0,Postgraduate degree,Unknown,Single-Family Home,"Austin, Texas"
8,171,7531.47391666667,2376.0,2,2,0,College graduate,$75000  $99999,Single-Family Home,"Austin, Texas"
9,187,14571.5021333334,2122.0,2,1,0,Postgraduate degree,$150000  $299000,Single-Family Home,"Austin, Texas"
10,203,3666.02194999999,1555.0,Unknown,Unknown,Unknown,Unknown,Unknown,Single-Family Home,"San Diego, California"
11,222,30480.5549166667,2226.0,2,3,0,Postgraduate degree,$300000  $1000000,Single-Family Home,"Austin, Texas"
12,232,9968.91888333332,2228.0,Unknown,Unknown,Unknown,Unknown,Unknown,Single-Family Home,"Boulder, Colorado"
13,252,21507.6313,2669.0,2,2,0,Postgraduate degree,$150000  $299000,Single-Family Home,"Austin, Texas"
14,370,11941.7045572464,2680.0,2,0,0,Postgraduate degree,$100000  $149999,Single-Family Home,"Austin, Texas"
15,434,15288.6001333333,2158.0,2,2,0,Postgraduate degree,$100000  $149999,Single-Family Home,"Austin, Texas"
16,484,10815.5847833333,1592.0,5,0,0,Postgraduate degree,$50000  $74999,Single-Family Home,"Austin, Texas"
17,503,15032.3649833333,2486.0,2,1,0,College graduate,$150000  $299000,Single-Family Home,"Austin, Texas"
18,516,5667.43485,2379.0,2,0,0,Postgraduate degree,$150000  $299000,Single-Family Home,"Boulder, Colorado"
19,545,13878.2872333334,2345.0,1,0,1,Postgraduate degree,$75000  $99999,Single-Family Home,"Austin, Texas"
20,547,14777.8482333333,2920.0,2,2,0,Postgraduate degree,$300000  $1000000,Single-Family Home,"Boulder, Colorado"
21,580,11048.34945,1770.0,Unknown,Unknown,Unknown,Unknown,Unknown,Single-Family Home,"Austin, Texas"
22,585,7677.81003333333,1720.0,0,0,1,Some college/trade/vocational school,$35000  $49999,Single-Family Home,"Austin, Texas"
23,624,6875.88166666667,2227.0,2,2,0,Postgraduate degree,$100000  $149999,Single-Family Home,"Austin, Texas"
24,661,13277.7265166666,1842.0,2,0,0,Postgraduate degree,$100000  $149999,Single-Family Home,"Austin, Texas"
25,668,10725.8824,1972.0,Unknown,Unknown,Unknown,Unknown,Unknown,Single-Family Home,"Austin, Texas"
26,739,3959.21673333334,802.0,0,0,0,College graduate,$50000  $74999,Single-Family Home,"Austin, Texas"
27,744,9245.55858333332,2351.0,Unknown,Unknown,Unknown,Postgraduate degree,$150000  $299000,Single-Family Home,"Austin, Texas"
28,781,9366.46413333334,1946.0,Unknown,Unknown,Unknown,Unknown,Unknown,Single-Family Home,"Austin, Texas"
29,796,0.0,2621.0,3,1,0,Postgraduate degree,$300000  $1000000,Single-Family Home,"Austin, Texas"
30,821,5147.81590000002,1743.0,1,0,0,College graduate,$100000  $149999,Single-Family Home,"Humble, Texas"
31,871,8203.51769999998,1652.0,2,2,0,Postgraduate degree,$75000  $99999,Single-Family Home,"Austin, Texas"
32,890,9647.18258333331,2196.0,Unknown,Unknown,Unknown,Unknown,Unknown,Single-Family Home,"Austin, Texas"
33,946,6730.34873333329,2074.0,0,0,1,Postgraduate degree,$75000  $99999,Single-Family Home,"Austin, Texas"
34,974,18891.9022966779,3678.0,2,1,0,College graduate,$150000  $299000,Single-Family Home,"Austin, Texas"
35,1086,9235.99119999998,1196.0,1,0,0,Postgraduate degree,$50000  $74999,Single-Family Home,"Austin, Texas"
36,1103,5788.50944999997,2122.0,1,0,0,Postgraduate degree,$100000  $149999,Single-Family Home,"Austin, Texas"
37,1169,7986.16379999996,1469.0,0,0,2,Postgraduate degree,$50000  $74999,Single-Family Home,"Austin, Texas"
38,1192,7741.21361666665,2122.0,Unknown,Unknown,Unknown,Unknown,Unknown,Single-Family Home,"Austin, Texas"
39,1202,16179.7781999999,2126.0,Unknown,Unknown,Unknown,Unknown,Unknown,Single-Family Home,"Austin, Texas"
40,1283,15247.8658833333,2679.5,2,3,0,Postgraduate degree,$100000  $149999,Single-Family Home,"Austin, Texas"
41,1310,6199.28445000002,713.0,0,0,1,College graduate,$10000  $19999,Apartment,"Austin, Texas"
42,1314,9228.37306666667,1512.0,1,0,0,Some college/trade/vocational school,$75000  $99999,Single-Family Home,"Austin, Texas"
43,1350,4203.81343333334,2332.0,Unknown,Unknown,Unknown,Unknown,Unknown,Single-Family Home,"Boulder, Colorado"
44,1392,14635.4372000001,3831.0,Unknown,Unknown,Unknown,Unknown,Unknown,Single-Family Home,"Round Rock, Texas"
45,1403,7096.86711666666,1724.0,Unknown,Unknown,Unknown,Unknown,Unknown,Town Home,"Austin, Texas"
46,1415,7707.46971111108,1720.0,2,1,0,Postgraduate degree,$150000  $299000,Single-Family Home,"Austin, Texas"
47,1450,9417.52165000005,1575.0,Unknown,Unknown,Unknown,Unknown,Unknown,Town Home,"San Diego, California"
48,1463,7323.51525000002,2236.0,1,0,0,College graduate,$150000  $299000,Single-Family Home,"Austin, Texas"
49,1500,4140.69161666667,750.0,1,0,1,Postgraduate degree,$20000  $34999,Apartment,"Austin, Texas"
50,1507,30857.6938333333,2892.0,Unknown,Unknown,Unknown,Unknown,Unknown,Single-Family Home,"Austin, Texas"
51,1524,4793.94185,2050.0,2,0,0,College graduate,$150000  $299000,Single-Family Home,"San Diego, California"
52,1589,12602.9611,2426.0,2,1,0,Postgraduate degree,$100000  $149999,Single-Family Home,"Austin, Texas"
53,1617,9631.46815000003,1924.0,Unknown,Unknown,Unknown,Unknown,Unknown,Single-Family Home,"Austin, Texas"
54,1629,9477.37796666669,,3,1,0,Postgraduate degree,$100000  $149999,Single-Family Home,"Pflugerville, Texas"
55,1632,9809.33316666666,2244.0,1,0,1,College graduate,$100000  $149999,Single-Family Home,"Austin, Texas"
56,1642,11054.6830160256,1720.0,3,0,0,College graduate,$100000  $149999,Single-Family Home,"Austin, Texas"
57,1681,9150.52001666663,1456.0,Unknown,Unknown,Unknown,Unknown,Unknown,Single-Family Home,"Austin, Texas"
58,1696,15208.0349166667,2170.0,Unknown,Unknown,Unknown,Unknown,Unknown,Single-Family Home,"Grapevine, Texas"
59,1697,19741.7987946657,2236.0,2,2,0,College graduate,$300000  $1000000,Single-Family Home,"Austin, Texas"
60,1700,20620.8055,2889.0,2,2,0,College graduate,$150000  $299000,Single-Family Home,"Austin, Texas"
61,1731,6106.63193333335,1555.0,2,0,0,College graduate,$75000  $99999,Town Home,"San Diego, California"
62,1766,5979.88996666668,2564.0,0,4,2,Postgraduate degree,$100000  $149999,Single-Family Home,"Boulder, Colorado"
63,1790,18954.6823,3023.0,2,2,0,Postgraduate degree,$75000  $99999,Single-Family Home,"Austin, Texas"
64,1791,11928.28265,2631.5,Unknown,Unknown,Unknown,Unknown,Unknown,Single-Family Home,"Austin, Texas"
65,1792,10727.51695,2001.0,1,1,0,College graduate,$50000  $74999,Single-Family Home,"Austin, Texas"
66,1800,10672.5308,2075.0,1,0,0,Postgraduate degree,$150000  $299000,Single-Family Home,"Austin, Texas"
67,1830,8652.29261666667,2015.0,Unknown,Unknown,Unknown,Unknown,Unknown,Single-Family Home,"Dallas, Texas"
68,1879,8557.15245,4123.0,Unknown,Unknown,Unknown,Unknown,Unknown,Single-Family Home,"Boulder, Colorado"
69,1947,12752.21675,1419.0,Unknown,Unknown,Unknown,Unknown,Unknown,Single-Family Home,"Austin, Texas"
70,1953,7454.53763333334,1512.0,2,0,0,College graduate,$100000  $149999,Single-Family Home,"Austin, Texas"
71,2018,22916.1190833334,3023.0,Unknown,Unknown,Unknown,Unknown,Unknown,Single-Family Home,"Austin, Texas"
72,2034,7221.09775000002,1919.0,Unknown,Unknown,Unknown,Unknown,Unknown,Single-Family Home,"Austin, Texas"
73,2072,12536.7411,3023.0,Unknown,Unknown,Unknown,Unknown,Unknown,Single-Family Home,"Austin, Texas"
74,2094,17322.7104666666,2310.0,1,4,0,Postgraduate degree,$50000  $74999,Single-Family Home,"Austin, Texas"
75,2129,14587.5809833333,2075.0,2,1,0,College graduate,$50000  $74999,Single-Family Home,"Austin, Texas"
76,2156,11446.9102379227,1743.0,0,0,0,Postgraduate degree,$150000  $299000,Single-Family Home,"Austin, Texas"
77,2158,14261.4057277778,1186.0,2,1,0,College graduate,$75000  $99999,Single-Family Home,"Austin, Texas"
78,2199,4921.22036666666,1382.0,Unknown,Unknown,Unknown,Postgraduate degree,$100000  $149999,Single-Family Home,"Austin, Texas"
79,2233,13361.6709333334,3245.0,2,2,0,Postgraduate degree,$150000  $299000,Single-Family Home,"Austin, Texas"
80,2242,18610.7920833334,3489.0,2,0,0,Postgraduate degree,Unknown,Single-Family Home,"Austin, Texas"
81,2337,5128.48974999999,1439.0,Unknown,Unknown,Unknown,Postgraduate degree,$35000  $49999,Single-Family Home,"Austin, Texas"
82,2361,9062.59691666668,3245.0,Unknown,Unknown,Unknown,Unknown,Unknown,Single-Family Home,"Austin, Texas"
83,2365,8197.05193333335,2540.0,2,2,0,Postgraduate degree,$100000  $149999,Single-Family Home,"Austin, Texas"
84,2378,11270.3446,1652.0,2,0,0,College graduate,$100000  $149999,Single-Family Home,"Austin, Texas"
85,2401,4010.23231666667,1079.0,0,0,1,College graduate,$20000  $34999,Apartment,"Austin, Texas"
86,2449,8917.81843333332,1576.0,Unknown,Unknown,Unknown,Some college/trade/vocational school,$50000  $74999,Town Home,"Austin, Texas"
87,2461,8754.20133333333,2075.0,2,0,0,College graduate,$50000  $74999,Single-Family Home,"Austin, Texas"
88,2470,8232.34599999997,1544.0,1,0,0,College graduate,$50000  $74999,Single-Family Home,"Austin, Texas"
89,2472,16274.96565,,Unknown,Unknown,Unknown,Unknown,Unknown,Single-Family Home,"Austin, Texas"
90,2510,7517.29435000001,4660.0,Unknown,Unknown,Unknown,Unknown,Unknown,Single-Family Home,"Austin, Texas"
91,2532,9544.39621666666,2006.0,2,0,0,Postgraduate degree,Unknown,Single-Family Home,"Austin, Texas"
92,2557,10803.1733000001,3400.0,1,0,1,Postgraduate degree,$100000  $149999,Single-Family Home,"Austin, Texas"
93,2575,12106.7523666667,1439.0,0,0,1,College graduate,$50000  $74999,Single-Family Home,"Austin, Texas"
94,2606,7870.23168333336,1390.0,2,0,0,College graduate,$100000  $149999,Town Home,"San Diego, California"
95,2638,14195.4105833333,1970.0,3,0,0,Postgraduate degree,$100000  $149999,Town Home,"Austin, Texas"
96,2641,12805.2328666666,1115.0,2,0,0,Postgraduate degree,$100000  $149999,Single-Family Home,"Austin, Texas"
97,2710,21081.6828,1346.0,Unknown,Unknown,Unknown,Unknown,Unknown,Single-Family Home,"McKinney, Texas"
98,2742,9410.34970000001,2214.0,1,0,0,College graduate,$100000  $149999,Single-Family Home,"Austin, Texas"
99,2755,9106.27733333339,2385.0,Unknown,Unknown,Unknown,Unknown,Unknown,Single-Family Home,"Austin, Texas"
100,2769,11461.9318166666,1505.0,2,0,0,Postgraduate degree,$100000  $149999,Single-Family Home,"Austin, Texas"
101,2787,13376.8099,2001.0,Unknown,Unknown,Unknown,Unknown,Unknown,Single-Family Home,"Austin, Texas"
102,2814,12826.8087,1842.0,2,0,0,College graduate,$100000  $149999,Single-Family Home,"Austin, Texas"
103,2818,8559.43210000001,2345.0,2,2,0,Postgraduate degree,$150000  $299000,Single-Family Home,"Austin, Texas"
104,2824,0.0,832.0,Unknown,Unknown,Unknown,Unknown,Unknown,Single-Family Home,"Boulder, Colorado"
105,2829,7881.58215000001,1485.0,2,0,0,Some college/trade/vocational school,$20000  $34999,Single-Family Home,"Austin, Texas"
106,2859,3498.38686666666,1252.0,0,0,0,College graduate,$50000  $74999,Single-Family Home,"Austin, Texas"
107,2925,16729.0513166667,2293.5,2,2,0,Postgraduate degree,$150000  $299000,Single-Family Home,"Austin, Texas"
108,2931,10534.7314166667,1143.0,2,0,0,Postgraduate degree,$150000  $299000,Single-Family Home,"Boulder, Colorado"
109,2945,7023.61423333333,1720.0,Unknown,Unknown,Unknown,Unknown,Unknown,Single-Family Home,"Austin, Texas"
110,2953,4682.48838035426,1482.0,0,0,2,Postgraduate degree,$75000  $99999,Single-Family Home,"Austin, Texas"
111,2965,10319.3965666667,1720.0,Unknown,Unknown,Unknown,College graduate,$75000  $99999,Single-Family Home,"Austin, Texas"
112,2980,9048.25136666668,1556.0,Unknown,Unknown,Unknown,College graduate,$35000  $49999,Single-Family Home,"Austin, Texas"
113,2986,6903.17245000002,2310.0,2,0,0,Postgraduate degree,$100000  $149999,Single-Family Home,"Austin, Texas"
114,3009,9259.96253333336,1252.0,1,0,0,College graduate,$35000  $49999,Single-Family Home,"Austin, Texas"
115,3036,9873.30789999999,2100.5,2,1,0,Postgraduate degree,$150000  $299000,Single-Family Home,"Austin, Texas"
116,3039,18076.4397,3246.0,2,2,0,Postgraduate degree,$75000  $99999,Single-Family Home,"Austin, Texas"
117,3044,17233.5802333333,3383.0,2,1,0,Postgraduate degree,$150000  $299000,Single-Family Home,"Austin, Texas"
118,3104,3721.08894999999,1539.0,2,0,0,Postgraduate degree,$150000  $299000,Single-Family Home,"Boulder, Colorado"
119,3134,7397.61973333334,1240.0,2,0,0,Postgraduate degree,$50000  $74999,Single-Family Home,"Austin, Texas"
120,3192,11096.82595,2075.0,Unknown,Unknown,Unknown,Postgraduate degree,$150000  $299000,Single-Family Home,"Austin, Texas"
121,3221,19780.2055,4798.0,2,1,0,Postgraduate degree,$150000  $299000,Single-Family Home,"Houston, Texas"
122,3268,2936.61626666667,1001.0,Unknown,Unknown,Unknown,Unknown,Unknown,Apartment,"Austin, Texas"
123,3273,7173.07088333332,1001.0,0,0,1,High School graduate,$20000  $34999,Apartment,"Austin, Texas"
124,3310,9806.28971666664,2340.0,Unknown,Unknown,Unknown,Unknown,Unknown,Single-Family Home,"Austin, Texas"
125,3367,15588.6628833333,2843.0,2,2,0,Postgraduate degree,$150000  $299000,Single-Family Home,"Austin, Texas"
126,3368,7971.81108333333,1536.0,2,0,0,Postgraduate degree,$100000  $149999,Single-Family Home,"Round Rock, Texas"
127,3392,7549.65026666666,2053.0,Unknown,Unknown,Unknown,Unknown,Unknown,Single-Family Home,"Austin, Texas"
128,3394,23891.0748999999,2622.0,2,0,0,Some college/trade/vocational school,$150000  $299000,Single-Family Home,"Houston, Texas"
129,3413,8630.03365,1576.0,2,0,0,College graduate,$100000  $149999,Town Home,"Austin, Texas"
130,3456,6666.06151666666,1720.0,1,0,1,Postgraduate degree,$100000  $149999,Single-Family Home,"Austin, Texas"
131,3482,6751.71026666666,1900.0,1,0,0,Postgraduate degree,$75000  $99999,Town Home,"Austin, Texas"
132,3500,20757.9969666666,3090.0,2,1,0,College graduate,$150000  $299000,Single-Family Home,"Austin, Texas"
133,3527,9821.10176666669,2075.0,2,0,0,College graduate,$150000  $299000,Single-Family Home,"Austin, Texas"
134,3538,5738.87715,1720.0,1,0,2,Postgraduate degree,$50000  $74999,Single-Family Home,"Austin, Texas"
135,3577,8103.71403333335,2122.0,1,0,0,College graduate,$100000  $149999,Single-Family Home,"Austin, Texas"
136,3635,13159.5133833334,2521.0,Unknown,Unknown,Unknown,Postgraduate degree,$150000  $299000,Single-Family Home,"Austin, Texas"
137,3649,13836.5795333334,2446.0,2,3,0,Postgraduate degree,$150000  $299000,Single-Family Home,"Austin, Texas"
138,3719,12389.653,2843.0,Unknown,Unknown,Unknown,Postgraduate degree,$100000  $149999,Single-Family Home,"Austin, Texas"
139,3723,10342.81205,1544.0,2,0,0,College graduate,$50000  $74999,Single-Family Home,"Austin, Texas"
140,3778,8636.97669999999,1262.0,2,0,0,Postgraduate degree,$50000  $74999,Single-Family Home,"Austin, Texas"
141,3795,19711.2367096639,3992.0,Unknown,Unknown,Unknown,Unknown,Unknown,Single-Family Home,"Round Rock, Texas"
142,3829,10742.5546,2385.0,2,0,0,Postgraduate degree,$150000  $299000,Single-Family Home,"Austin, Texas"
143,3831,4374.48005,758.0,Unknown,Unknown,Unknown,Unknown,Unknown,Single-Family Home,"Austin, Texas"
144,3849,10942.9443833333,2297.0,0,0,2,Postgraduate degree,$150000  $299000,Single-Family Home,"Austin, Texas"
145,3893,11459.85155,2699.0,2,0,0,Postgraduate degree,$100000  $149999,Single-Family Home,"Austin, Texas"
146,3916,27776.81755,1547.0,Unknown,Unknown,Unknown,Unknown,Unknown,Single-Family Home,"Austin, Texas"
147,3918,21369.1656166667,3023.0,Unknown,Unknown,Unknown,Postgraduate degree,$100000  $149999,Single-Family Home,"Austin, Texas"
148,3935,5572.88386666668,1544.0,0,0,0,Some college/trade/vocational school,Less than $10000,Single-Family Home,"Austin, Texas"
149,3938,2429.21393333334,1120.0,Unknown,Unknown,Unknown,Unknown,Unknown,Apartment,"San Diego, California"
150,3967,11950.4677666667,2521.0,0,0,2,College graduate,$150000  $299000,Single-Family Home,"Austin, Texas"
151,4031,11491.2691794872,1946.0,2,1,0,Postgraduate degree,$75000  $99999,Single-Family Home,"Austin, Texas"
152,4147,15914.8005,,Unknown,Unknown,Unknown,Unknown,Unknown,Single-Family Home,"Boulder, Colorado"
153,4154,14848.3925166666,1076.0,Unknown,Unknown,Unknown,Postgraduate degree,$35000  $49999,Single-Family Home,"Austin, Texas"
154,4193,13408.2749666667,2669.0,Unknown,Unknown,Unknown,Postgraduate degree,$75000  $99999,Single-Family Home,"Austin, Texas"
155,4213,9080.94116666666,1674.0,2,1,0,Postgraduate degree,$150000  $299000,Town Home,"Austin, Texas"
156,4297,5083.35908333333,1439.0,2,0,0,Postgraduate degree,$100000  $149999,Single-Family Home,"Austin, Texas"
157,4298,6949.62896666665,953.0,2,0,0,Postgraduate degree,$75000  $99999,Single-Family Home,"Austin, Texas"
158,4313,27991.1141,3134.0,Unknown,Unknown,Unknown,Unknown,Unknown,Single-Family Home,"Coppell, Texas"
159,4336,13031.9710666666,2090.0,2,2,0,College graduate,$150000  $299000,Single-Family Home,"Austin, Texas"
160,4342,8589.96470000001,1316.0,2,1,0,College graduate,$75000  $99999,Single-Family Home,"Austin, Texas"
161,4352,10605.3748666666,1946.0,2,0,0,Postgraduate degree,$100000  $149999,Town Home,"Austin, Texas"
162,4357,4189.41671666667,1069.0,Unknown,Unknown,Unknown,College graduate,$20000  $34999,Single-Family Home,"Austin, Texas"
163,4373,17231.8829166667,2122.0,2,2,0,College graduate,$100000  $149999,Single-Family Home,"Austin, Texas"
164,4473,6211.60639999999,1036.0,2,0,0,Postgraduate degree,$100000  $149999,Single-Family Home,"Austin, Texas"
165,4495,2119.75766666667,1087.0,1,0,1,College graduate,$100000  $149999,Apartment,"San Diego, California"
166,4499,6496.62023333334,2438.0,2,3,0,Postgraduate degree,$50000  $74999,Single-Family Home,"Boulder, Colorado"
167,4514,11912.512975,2122.0,Unknown,Unknown,Unknown,Unknown,Unknown,Single-Family Home,"Austin, Texas"
168,4526,20549.6655833333,2521.0,Unknown,Unknown,Unknown,Unknown,Unknown,Single-Family Home,"Austin, Texas"
169,4575,10461.1497833334,1834.0,Unknown,Unknown,Unknown,Unknown,Unknown,Single-Family Home,"Austin, Texas"
170,4590,9938.23708333332,2669.0,2,3,0,College graduate,$50000  $74999,Single-Family Home,"Austin, Texas"
171,4601,7986.70601666665,,2,1,0,College graduate,Unknown,Single-Family Home,"Boulder, Colorado"
172,4641,11796.6970333333,1518.0,Unknown,Unknown,Unknown,Unknown,Unknown,Single-Family Home,"Austin, Texas"
173,4670,4938.75888333335,3048.0,2,0,0,College graduate,$75000  $99999,Single-Family Home,"Plano, Texas"
174,4703,6079.96998333334,1985.0,Unknown,Unknown,Unknown,Unknown,Unknown,Single-Family Home,"Boulder, Colorado"
175,4767,15410.3157166668,2710.0,2,0,0,Postgraduate degree,$150000  $299000,Single-Family Home,"Austin, Texas"
176,4773,12327.2983166667,2615.0,Unknown,Unknown,Unknown,Unknown,Unknown,Single-Family Home,"Round Rock, Texas"
177,4830,7085.8163,3971.0,2,2,0,Postgraduate degree,$150000  $299000,Single-Family Home,"Boulder, Colorado"
178,4874,11159.23135,2021.0,2,0,0,Postgraduate degree,$75000  $99999,Single-Family Home,"Austin, Texas"
179,4920,6248.86303333334,3311.0,Unknown,Unknown,Unknown,Unknown,Unknown,Single-Family Home,"Boulder, Colorado"
180,4934,2800.52171666666,1547.0,1,0,0,Postgraduate degree,$150000  $299000,Town Home,"San Diego, California"
181,4946,11850.5197,2212.0,2,2,0,Postgraduate degree,$150000  $299000,Single-Family Home,"Austin, Texas"
182,4956,11693.9873238095,4104.0,2,2,0,Postgraduate degree,$100000  $149999,Single-Family Home,"Round Rock, Texas"
183,4957,25433.2352833333,3381.0,2,3,0,Postgraduate degree,$150000  $299000,Single-Family Home,"Austin, Texas"
184,4974,6931.18159848485,2393.0,Unknown,Unknown,Unknown,Unknown,Unknown,Single-Family Home,"Boulder, Colorado"
185,4998,15374.8232666667,2710.0,2,0,0,Postgraduate degree,$150000  $299000,Single-Family Home,"Austin, Texas"
186,5026,18691.05165,1583.0,2,0,0,College graduate,$100000  $149999,Single-Family Home,"Austin, Texas"
187,5035,13862.7658833333,1630.0,Unknown,Unknown,Unknown,Unknown,Unknown,Single-Family Home,"Austin, Texas"
188,5060,6870.05740000004,1133.0,Unknown,Unknown,Unknown,Unknown,Unknown,Single-Family Home,"Austin, Texas"
189,5109,3779.60192484547,2920.0,0,0,0,Postgraduate degree,$300000  $1000000,Single-Family Home,"Austin, Texas"
190,5129,7620.24533333332,1439.0,Unknown,Unknown,Unknown,Postgraduate degree,$75000  $99999,Single-Family Home,"Austin, Texas"
191,5187,18165.7354333334,3839.0,Unknown,Unknown,Unknown,Unknown,Unknown,Single-Family Home,"Boulder, Colorado"
192,5218,7487.95602755101,2047.0,1,0,0,College graduate,$150000  $299000,Single-Family Home,"Austin, Texas"
193,5246,14801.59835,1994.0,2,2,0,College graduate,$100000  $149999,Single-Family Home,"Austin, Texas"
194,5262,21074.9971499999,3080.0,1,2,0,College graduate,$150000  $299000,Single-Family Home,"Arlington, Texas"
195,5275,9045.04420187518,2132.0,2,2,0,Postgraduate degree,$100000  $149999,Single-Family Home,"Austin, Texas"
196,5288,21398.1096166667,3310.0,1,0,0,College graduate,$100000  $149999,Single-Family Home,"Arlington, Texas"
197,5317,9262.57903333333,1776.0,2,0,0,Postgraduate degree,$100000  $149999,Single-Family Home,"Austin, Texas"
198,5357,33033.1306999998,3225.0,4,0,0,Postgraduate degree,$150000  $299000,Single-Family Home,"Austin, Texas"
199,5371,10512.8217333333,937.0,2,0,0,Postgraduate degree,$100000  $149999,Single-Family Home,"Austin, Texas"
200,5395,13271.31955,1556.0,Unknown,Unknown,Unknown,Postgraduate degree,$75000  $99999,Single-Family Home,"Austin, Texas"
201,5400,14821.7463666666,,1,1,0,Postgraduate degree,$300000  $1000000,Single-Family Home,"Boulder, Colorado"
202,5403,10513.9648833333,1720.0,0,0,1,Postgraduate degree,$100000  $149999,Single-Family Home,"Austin, Texas"
203,5439,6656.73971666666,1544.0,1,0,0,Postgraduate degree,$20000  $34999,Single-Family Home,"Austin, Texas"
204,5448,9410.87596666666,2163.0,0,0,2,Postgraduate degree,$100000  $149999,Single-Family Home,"Dallas, Texas"
205,5485,12435.72995,1929.0,Unknown,Unknown,Unknown,Unknown,Unknown,Single-Family Home,"Houston, Texas"
206,5545,6786.69475000002,1994.0,2,0,0,Postgraduate degree,$150000  $299000,Single-Family Home,"Austin, Texas"
207,5568,10085.67155,3497.0,2,0,0,College graduate,$100000  $149999,Single-Family Home,"Austin, Texas"
208,5673,15253.2730333333,1900.0,2,3,0,College graduate,$100000  $149999,Single-Family Home,"Austin, Texas"
209,5677,6162.36973333334,996.0,0,0,0,Postgraduate degree,$50000  $74999,Single-Family Home,"Austin, Texas"
210,5738,13116.9595666666,2843.0,Unknown,Unknown,Unknown,College graduate,$100000  $149999,Single-Family Home,"Austin, Texas"
211,5785,9141.71641666672,1842.0,0,0,2,Postgraduate degree,$75000  $99999,Single-Family Home,"Austin, Texas"
212,5796,9437.48199999998,1720.0,2,2,0,College graduate,$75000  $99999,Single-Family Home,"Austin, Texas"
213,5809,18913.0479333334,1712.0,Unknown,Unknown,Unknown,Unknown,Unknown,Single-Family Home,"Austin, Texas"
214,5810,6516.36730000001,1345.0,2,0,0,Postgraduate degree,$75000  $99999,Single-Family Home,"Austin, Texas"
215,5814,5697.57680000001,1080.0,2,0,0,Postgraduate degree,$75000  $99999,Single-Family Home,"Austin, Texas"
216,5852,13817.0030166667,2663.0,Unknown,Unknown,Unknown,Unknown,Unknown,Single-Family Home,"Houston, Texas"
217,5874,7473.06669444445,1215.0,2,1,0,College graduate,$75000  $99999,Single-Family Home,"Austin, Texas"
218,5889,11732.8557666667,2018.0,Unknown,Unknown,Unknown,Unknown,Unknown,Single-Family Home,"Austin, Texas"
219,5892,14095.34825,2122.0,Unknown,Unknown,Unknown,Unknown,Unknown,Single-Family Home,"Austin, Texas"
220,5904,5490.75540000001,2352.0,Unknown,Unknown,Unknown,Unknown,Unknown,Single-Family Home,"Boulder, Colorado"
221,5921,5923.96671666667,2001.0,2,0,0,Postgraduate degree,$100000  $149999,Single-Family Home,"Austin, Texas"
222,5938,2733.11923333334,1464.0,0,0,1,Postgraduate degree,$150000  $299000,Town Home,"San Diego, California"
223,5949,8849.34203333333,1962.0,2,0,0,Postgraduate degree,$100000  $149999,Single-Family Home,"Austin, Texas"
224,5959,7809.57554999999,1913.0,Unknown,Unknown,Unknown,Unknown,Unknown,Single-Family Home,"Austin, Texas"
225,5972,14076.6274,2843.0,Unknown,Unknown,Unknown,Postgraduate degree,$150000  $299000,Single-Family Home,"Austin, Texas"
226,6061,16612.1449233333,3255.0,Unknown,Unknown,Unknown,Unknown,Unknown,Single-Family Home,"Austin, Texas"
227,6063,9109.1648932217,1842.0,1,0,0,Postgraduate degree,Unknown,Single-Family Home,"Austin, Texas"
228,6101,10302.8674333334,1435.0,1,0,0,College graduate,$50000  $74999,Single-Family Home,"Austin, Texas"
229,6121,14024.6339592593,2174.0,2,2,0,Postgraduate degree,$100000  $149999,Single-Family Home,"Austin, Texas"
230,6139,13421.6975044152,2361.0,2,3,0,Postgraduate degree,$300000  $1000000,Single-Family Home,"Austin, Texas"
231,6148,8130.85261666664,2722.0,0,0,2,Postgraduate degree,$75000  $99999,Single-Family Home,"Boulder, Colorado"
232,6165,5176.00115,1140.0,1,1,0,Postgraduate degree,$100000  $149999,Single-Family Home,"Austin, Texas"
233,6264,3691.28458333332,1030.0,2,0,0,Postgraduate degree,$75000  $99999,Single-Family Home,"Boulder, Colorado"
234,6266,9812.21079137937,2345.0,2,0,0,Postgraduate degree,$150000  $299000,Single-Family Home,"Austin, Texas"
235,6348,11780.7918166667,2181.0,2,0,0,Postgraduate degree,$150000  $299000,Single-Family Home,"Austin, Texas"
236,6412,20908.9092833334,3877.0,2,2,0,College graduate,$75000  $99999,Single-Family Home,"Austin, Texas"
237,6423,12073.7635833334,1544.0,Unknown,Unknown,Unknown,Postgraduate degree,$100000  $149999,Single-Family Home,"Austin, Texas"
238,6460,16105.5521833333,2217.0,Unknown,Unknown,Unknown,Unknown,Unknown,Single-Family Home,"Austin, Texas"
239,6498,19439.1990666666,2164.0,2,0,0,College graduate,$100000  $149999,Single-Family Home,"Austin, Texas"
240,6578,9271.88593333331,2020.0,2,0,0,Postgraduate degree,$100000  $149999,Town Home,"Austin, Texas"
241,6593,15666.0566333334,2144.0,Unknown,Unknown,Unknown,Unknown,Unknown,Single-Family Home,"Round Rock, Texas"
242,6643,9652.37511666666,2154.0,Unknown,Unknown,Unknown,Postgraduate degree,$150000  $299000,Single-Family Home,"Austin, Texas"
243,6691,22715.3988333332,2000.0,0,0,2,College graduate,$75000  $99999,Single-Family Home,"Austin, Texas"
244,6692,13021.2021666666,2521.0,1,0,1,Postgraduate degree,$100000  $149999,Single-Family Home,"Austin, Texas"
245,6730,7362.81809999996,1965.0,2,4,0,Postgraduate degree,$100000  $149999,Single-Family Home,"Austin, Texas"
246,6799,46361.69735,5953.0,Unknown,Unknown,Unknown,Unknown,Unknown,Single-Family Home,"Austin, Texas"
247,6836,6979.88595,1217.0,2,0,0,Postgraduate degree,$75000  $99999,Single-Family Home,"Austin, Texas"
248,6887,10370.3572,2520.0,Unknown,Unknown,Unknown,Unknown,Unknown,Single-Family Home,"Houston, Texas"
249,6888,5806.66476666666,3409.0,2,0,0,College graduate,Unknown,Single-Family Home,"Boulder, Colorado"
250,6910,10764.89395,2698.0,2,2,0,Postgraduate degree,$150000  $299000,Single-Family Home,"Austin, Texas"
251,6941,15989.8303833333,2638.0,2,2,0,Postgraduate degree,$100000  $149999,Single-Family Home,"Austin, Texas"
252,6990,11231.8758166667,2345.0,2,1,0,Postgraduate degree,$150000  $299000,Single-Family Home,"Austin, Texas"
253,7001,9130.86503333336,2047.0,2,0,0,Postgraduate degree,$100000  $149999,Single-Family Home,"Boulder, Colorado"
254,7016,25061.7970666666,2710.0,2,2,0,Postgraduate degree,$150000  $299000,Single-Family Home,"Austin, Texas"
255,7017,1889.41486666667,3249.0,Unknown,Unknown,Unknown,Unknown,Unknown,Single-Family Home,"Austin, Texas"
256,7024,5002.18109047619,1576.0,2,0,0,College graduate,$75000  $99999,Town Home,"Austin, Texas"
257,7114,4250.41558333334,1401.0,Unknown,Unknown,Unknown,Unknown,Unknown,Town Home,"San Diego, California"
258,7117,12522.0803666667,2122.0,Unknown,Unknown,Unknown,Unknown,Unknown,Single-Family Home,"Austin, Texas"
259,7166,27608.6638,2765.0,0,0,2,Postgraduate degree,$100000  $149999,Single-Family Home,"Houston, Texas"
260,7361,9347.11246666672,944.0,Unknown,Unknown,Unknown,Unknown,Unknown,Single-Family Home,"Austin, Texas"
261,7390,5527.39904999999,2046.0,2,0,0,Postgraduate degree,$100000  $149999,Single-Family Home,"Austin, Texas"
262,7429,12109.9495833333,2521.0,1,0,1,Postgraduate degree,$100000  $149999,Single-Family Home,"Austin, Texas"
263,7504,14356.4116,,Unknown,Unknown,Unknown,Unknown,Unknown,Single-Family Home,"Austin, Texas"
264,7510,17061.8867,3780.0,2,1,0,Postgraduate degree,$150000  $299000,Single-Family Home,"Austin, Texas"
265,7531,15511.4554,2305.0,Unknown,Unknown,Unknown,Postgraduate degree,$75000  $99999,Single-Family Home,"Austin, Texas"
266,7536,9698.12179999999,2710.0,Unknown,Unknown,Unknown,Postgraduate degree,$100000  $149999,Single-Family Home,"Austin, Texas"
267,7549,4318.07888333333,750.0,0,0,1,Some college/trade/vocational school,$10000  $19999,Apartment,"Austin, Texas"
268,7560,16120.7179166667,2345.0,2,0,0,College graduate,$150000  $299000,Single-Family Home,"Austin, Texas"
269,7617,13730.2940333334,2765.0,2,2,0,College graduate,$50000  $74999,Single-Family Home,"McKinney, Texas"
270,7627,10573.4519333333,2669.0,2,1,0,Postgraduate degree,$100000  $149999,Single-Family Home,"Austin, Texas"
271,7641,14797.99425,2122.0,2,2,0,Postgraduate degree,$150000  $299000,Single-Family Home,"Austin, Texas"
272,7719,21239.88625,2919.0,Unknown,Unknown,Unknown,Unknown,Unknown,Single-Family Home,"Austin, Texas"
273,7739,3949.82895000001,1439.0,Unknown,Unknown,Unknown,Unknown,Unknown,Single-Family Home,"Austin, Texas"
274,7741,13955.8667666666,1842.0,2,0,0,Postgraduate degree,$100000  $149999,Town Home,"Austin, Texas"
275,7767,8092.28613333334,1252.0,Unknown,Unknown,Unknown,Unknown,Unknown,Single-Family Home,"Austin, Texas"
276,7769,3491.12455000001,960.0,2,1,0,Postgraduate degree,$75000  $99999,Single-Family Home,"Austin, Texas"
277,7787,6868.28025000002,751.0,Unknown,Unknown,Unknown,Unknown,Unknown,Apartment,"Austin, Texas"
278,7788,15414.3261,1434.0,Unknown,Unknown,Unknown,College graduate,$75000  $99999,Single-Family Home,"Austin, Texas"
279,7793,11626.9969833333,2687.0,2,0,0,College graduate,$100000  $149999,Single-Family Home,"Austin, Texas"
280,7794,16598.0266777778,2345.0,Unknown,Unknown,Unknown,Unknown,Unknown,Single-Family Home,"Austin, Texas"
281,7800,8541.57930000001,2075.0,2,0,0,Postgraduate degree,$150000  $299000,Single-Family Home,"Austin, Texas"
282,7850,11723.0321999999,2345.0,2,1,0,Postgraduate degree,$50000  $74999,Single-Family Home,"Austin, Texas"
283,7863,15799.6206166667,1994.0,Unknown,Unknown,Unknown,Postgraduate degree,$150000  $299000,Single-Family Home,"Austin, Texas"
284,7866,5238.26389999997,960.0,3,0,0,Postgraduate degree,$75000  $99999,Single-Family Home,"Austin, Texas"
285,7875,10656.9525333333,3028.0,Unknown,Unknown,Unknown,Unknown,Unknown,Single-Family Home,"Austin, Texas"
286,7900,16750.0280833333,2631.5,1,0,1,Postgraduate degree,$100000  $149999,Single-Family Home,"Austin, Texas"
287,7901,10815.12455,2122.0,Unknown,Unknown,Unknown,Unknown,Unknown,Single-Family Home,"Austin, Texas"
288,7940,11334.73335,2214.0,2,3,0,Postgraduate degree,$150000  $299000,Single-Family Home,"Austin, Texas"
289,7951,13008.2381,2148.0,2,0,0,Postgraduate degree,$100000  $149999,Single-Family Home,"Austin, Texas"
290,7989,10345.7904666667,2148.0,2,2,0,Postgraduate degree,$100000  $149999,Single-Family Home,"Austin, Texas"
291,8046,10884.1593166667,2740.0,Unknown,Unknown,Unknown,Unknown,Unknown,Single-Family Home,"Austin, Texas"
292,8059,9624.09946299434,2006.0,Unknown,Unknown,Unknown,Unknown,Unknown,Single-Family Home,"Austin, Texas"
293,8061,6782.90931666666,1555.0,2,0,0,College graduate,$100000  $149999,Town Home,"San Diego, California"
294,8079,19670.6423333334,3131.0,Unknown,Unknown,Unknown,Unknown,Unknown,Single-Family Home,"Austin, Texas"
295,8084,11587.7549666667,2649.0,3,0,0,Postgraduate degree,$150000  $299000,Single-Family Home,"Austin, Texas"
296,8086,9982.23286666668,2919.0,Unknown,Unknown,Unknown,Unknown,Unknown,Single-Family Home,"Austin, Texas"
297,8142,4112.25541666668,3089.0,1,0,0,Postgraduate degree,$150000  $299000,Single-Family Home,"Austin, Texas"
298,8156,14713.2561666667,2669.0,Unknown,Unknown,Unknown,Unknown,Unknown,Single-Family Home,"Austin, Texas"
299,8163,8826.81245786168,1649.0,Unknown,Unknown,Unknown,Unknown,Unknown,Single-Family Home,"Austin, Texas"
300,8188,8384.44223333333,912.0,Unknown,Unknown,Unknown,Unknown,Unknown,Single-Family Home,"Austin, Texas"
301,8197,33169.945559586,3951.5,2,0,0,College graduate,$100000  $149999,Single-Family Home,"Austin, Texas"
302,8201,9206.49235,1835.0,Unknown,Unknown,Unknown,Unknown,Unknown,Single-Family Home,"Houston, Texas"
303,8218,5320.22699999999,1110.0,1,0,0,High School graduate,$50000  $74999,Single-Family Home,"Fort Worth, Texas"
304,8236,9783.98483333332,1994.0,2,2,0,Postgraduate degree,$100000  $149999,Single-Family Home,"Austin, Texas"
305,8243,8006.65698333335,2216.0,1,0,1,College graduate,$100000  $149999,Single-Family Home,"Austin, Texas"
306,8273,23484.8641166667,6147.0,Unknown,Unknown,Unknown,Unknown,Unknown,Single-Family Home,"Boulder, Colorado"
307,8282,13771.5491500001,2023.0,2,0,0,College graduate,$150000  $299000,Single-Family Home,"Austin, Texas"
308,8292,8160.53814999999,2377.0,3,0,0,College graduate,$150000  $299000,Single-Family Home,"Austin, Texas"
309,8317,7671.40303333331,1576.0,0,0,2,Postgraduate degree,$50000  $74999,Town Home,"Austin, Texas"
310,8342,1907.3039,1401.0,3,0,0,College graduate,$75000  $99999,Town Home,"San Diego, California"
311,8368,5174.58756666665,2055.0,Unknown,Unknown,Unknown,Unknown,Unknown,Single-Family Home,"Boulder, Colorado"
312,8386,9494.97600000002,1720.0,Unknown,Unknown,Unknown,Postgraduate degree,$50000  $74999,Single-Family Home,"Austin, Texas"
313,8395,4911.51438333334,1559.0,1,0,0,Postgraduate degree,$100000  $149999,Single-Family Home,"Boulder, Colorado"
314,8419,16194.8636,2962.0,Unknown,Unknown,Unknown,Unknown,Unknown,Single-Family Home,"Austin, Texas"
315,8555,3948.52456666664,,Unknown,Unknown,Unknown,Unknown,Unknown,Mobile Home,"Boulder, Colorado"
316,8565,10306.5928166667,1998.0,Unknown,Unknown,Unknown,Unknown,Unknown,Town Home,"Austin, Texas"
317,8622,3270.50288333334,1032.0,2,0,0,College graduate,$75000  $99999,Single-Family Home,"Boulder, Colorado"
318,8626,10042.4074166667,3959.0,2,0,0,Postgraduate degree,$300000  $1000000,Single-Family Home,"Austin, Texas"
319,8645,5092.34795,1142.0,1,0,0,Postgraduate degree,$100000  $149999,Single-Family Home,"Austin, Texas"
320,8741,9723.32283333332,1533.0,Unknown,Unknown,Unknown,Postgraduate degree,$100000  $149999,Single-Family Home,"Austin, Texas"
321,8767,8468.45986666666,2240.0,Unknown,Unknown,Unknown,Unknown,Unknown,Single-Family Home,"Austin, Texas"
322,8807,6562.28393333334,713.0,Unknown,Unknown,Unknown,Unknown,Unknown,Apartment,"Austin, Texas"
323,8829,13983.7264,2669.0,Unknown,Unknown,Unknown,College graduate,$150000  $299000,Single-Family Home,"Austin, Texas"
324,8862,1444.56171666667,928.0,1,0,0,Postgraduate degree,$100000  $149999,Mobile Home,"Boulder, Colorado"
325,8890,9812.69144999996,2194.0,Unknown,Unknown,Unknown,Postgraduate degree,$100000  $149999,Single-Family Home,"Austin, Texas"
326,8956,3798.20938333334,1240.0,1,0,0,College graduate,$35000  $49999,Town Home,"Austin, Texas"
327,8995,7840.95631666666,,Unknown,Unknown,Unknown,Unknown,Unknown,Single-Family Home,"Austin, Texas"
328,9001,8452.61812212472,2122.0,Unknown,Unknown,Unknown,Unknown,Unknown,Single-Family Home,"Austin, Texas"
329,9019,8028.1071952357,1613.0,0,0,2,Postgraduate degree,$75000  $99999,Single-Family Home,"Austin, Texas"
330,9052,10020.6947833333,2345.0,2,2,0,Postgraduate degree,$100000  $149999,Single-Family Home,"Austin, Texas"
331,9085,4667.40875,1763.0,2,2,0,Postgraduate degree,$100000  $149999,Single-Family Home,"Boulder, Colorado"
332,9121,14324.1822727793,1981.0,Unknown,Unknown,Unknown,Postgraduate degree,$100000  $149999,Single-Family Home,"Austin, Texas"
333,9134,10334.5492833333,2122.0,2,1,0,Postgraduate degree,$100000  $149999,Single-Family Home,"Austin, Texas"
334,9141,9499.70563333333,1933.0,Unknown,Unknown,Unknown,Unknown,Unknown,Single-Family Home,"Austin, Texas"
335,9142,4760.39031666668,2277.0,Unknown,Unknown,Unknown,Unknown,Unknown,Single-Family Home,"Boulder, Colorado"
336,9156,4569.1717666667,1589.0,Unknown,Unknown,Unknown,Unknown,Unknown,Single-Family Home,"Boulder, Colorado"
337,9160,7838.76476904448,2310.0,0,0,1,College graduate,$100000  $149999,Single-Family Home,"Austin, Texas"
338,9248,22280.7240526316,3754.0,1,0,0,College graduate,$150000  $299000,Single-Family Home,"Austin, Texas"
339,9278,17346.5731666668,3015.0,0,0,0,Postgraduate degree,$300000  $1000000,Single-Family Home,"Austin, Texas"
340,9343,6217.31811666665,1800.0,0,0,1,College graduate,$20000  $34999,Single-Family Home,"Austin, Texas"
341,9462,19219.07575,3791.0,0,0,2,College graduate,$100000  $149999,Single-Family Home,"Coppell, Texas"
342,9484,19573.88385,3043.0,0,0,2,Postgraduate degree,$300000  $1000000,Single-Family Home,"Austin, Texas"
343,9548,32493.9320000001,4389.0,2,1,2,Postgraduate degree,$300000  $1000000,Single-Family Home,"Houston, Texas"
344,9555,22312.2265833333,2435.0,2,3,0,Postgraduate degree,$100000  $149999,Single-Family Home,"Katy, Texas"
345,9605,9408.39883497742,2260.0,0,0,2,College graduate,$75000  $99999,Single-Family Home,"Houston, Texas"
346,9609,9863.73115000001,1080.0,0,0,1,Some college/trade/vocational school,$75000  $99999,Town Home,"Austin, Texas"
347,9613,9984.07511666667,1597.0,Unknown,Unknown,Unknown,Unknown,Unknown,Single-Family Home,"Austin, Texas"
348,9647,32056.0353526786,2887.0,2,2,0,Postgraduate degree,$150000  $299000,Single-Family Home,"Austin, Texas"
349,9654,5419.40576666666,1237.0,1,0,0,College graduate,$75000  $99999,Single-Family Home,"Austin, Texas"
350,9701,2903.75008333334,1184.5,1,0,0,College graduate,$35000  $49999,Single-Family Home,"Austin, Texas"
351,9729,11383.8474,2196.0,2,2,0,Postgraduate degree,$100000  $149999,Single-Family Home,"Austin, Texas"
352,9737,21394.9735,5231.0,2,1,1,Postgraduate degree,$150000  $299000,Single-Family Home,"Austin, Texas"
353,9766,10928.2484833333,1917.0,2,1,0,College graduate,$150000  $299000,Single-Family Home,"Austin, Texas"
354,9771,21619.3120166667,3364.0,Unknown,Unknown,Unknown,Unknown,Unknown,Single-Family Home,"Austin, Texas"
355,9775,5483.97529999999,1405.0,1,0,1,College graduate,$100000  $149999,Apartment,"San Diego, California"
356,9776,30738.3581666666,4518.0,2,1,0,Postgraduate degree,$150000  $299000,Single-Family Home,"Plano, Texas"
357,9818,8335.21433333332,2157.0,Unknown,Unknown,Unknown,Unknown,Unknown,Single-Family Home,"Boulder, Colorado"
358,9875,10408.7972,1241.0,2,2,0,Postgraduate degree,$100000  $149999,Single-Family Home,"Austin, Texas"
359,9912,5635.46105,751.0,0,0,1,Some college/trade/vocational school,$20000  $34999,Apartment,"Austin, Texas"
360,9915,7851.07296666666,1120.0,Unknown,Unknown,Unknown,Unknown,Unknown,Single-Family Home,"Austin, Texas"
361,9921,7270.90335000001,1111.0,2,0,0,College graduate,$100000  $149999,Single-Family Home,"Austin, Texas"
362,9922,20657.5997333333,2331.0,2,0,0,Postgraduate degree,more than $1000000,Single-Family Home,"Austin, Texas"
363,9932,5561.00339999997,2177.0,0,0,2,Postgraduate degree,$75000  $99999,Single-Family Home,"Austin, Texas"
364,9933,9803.87033333331,1424.0,2,3,0,College graduate,$150000  $299000,Single-Family Home,"Austin, Texas"
365,9934,0.0,1904.0,1,0,1,Postgraduate degree,$100000  $149999,Single-Family Home,"Austin, Texas"
366,9935,51466.4412833334,4447.0,Unknown,Unknown,Unknown,Unknown,Unknown,Single-Family Home,"Austin, Texas"
367,9938,18187.6013,2413.0,Unknown,Unknown,Unknown,Unknown,Unknown,Single-Family Home,"Austin, Texas"
368,9942,9863.94293333335,2050.0,2,1,0,Postgraduate degree,$150000  $299000,Single-Family Home,"Austin, Texas"
369,9958,3930.88121666665,1176.0,2,0,0,Postgraduate degree,$150000  $299000,Single-Family Home,"Boulder, Colorado"
370,9971,7515.16939999998,2938.0,2,0,0,Postgraduate degree,$150000  $299000,Single-Family Home,"Austin, Texas"
371,9982,7449.89155000001,1422.0,2,2,0,Postgraduate degree,$50000  $74999,Single-Family Home,"Austin, Texas"
372,9983,12130.8161,3068.0,1,0,1,Postgraduate degree,$100000  $149999,Single-Family Home,"Dallas, Texas"
